income,credit_score,employment_status,loan_amount,existing_loans,approved
37416.0,900,business,608630.0,187482.0,0
40896.0,826,salaried,661787.0,116281.0,0
133808.0,795,business,489123.0,918.0,1
115449.0,667,business,145738.0,175079.0,0
53471.0,625,salaried,448309.0,0.0,0
54820.0,767,unemployed,513155.0,221074.0,0
32822.0,606,business,490627.0,102000.0,0
12000.0,680,business,501292.0,0.0,0
61727.0,690,salaried,425387.0,56057.0,0
37060.0,835,self-employed,346966.0,140586.0,0
62624.0,670,salaried,250494.0,64853.0,0
20194.0,493,student,50000.0,145775.0,0
43665.0,743,self-employed,421136.0,12748.0,0
69162.0,641,business,393490.0,0.0,0
75254.0,704,salaried,460364.0,78927.0,0
76689.0,693,salaried,119242.0,87683.0,0
28026.0,677,self-employed,476103.0,55387.0,0
88931.0,767,salaried,729818.0,189320.0,0
42594.0,570,business,374121.0,12732.0,0
82720.0,656,self-employed,348900.0,111619.0,0
64702.0,758,business,415620.0,90777.0,0
26461.0,648,salaried,725821.0,0.0,0
56146.0,563,unemployed,175743.0,0.0,0
75230.0,757,student,396577.0,86012.0,0
82163.0,795,business,216062.0,253402.0,0
61052.0,696,salaried,261539.0,134238.0,0
107890.0,533,self-employed,351074.0,0.0,0
93210.0,760,salaried,602518.0,0.0,1
57814.0,559,salaried,684178.0,147310.0,0
86003.0,726,business,440666.0,76822.0,1
119146.0,625,business,292213.0,182008.0,0
119894.0,601,unemployed,808693.0,10139.0,0
30616.0,662,salaried,283040.0,114768.0,0
39057.0,684,salaried,257196.0,156925.0,0
106578.0,645,self-employed,50000.0,46966.0,1
35368.0,750,salaried,611296.0,48783.0,0
27969.0,662,salaried,534284.0,87147.0,0
51387.0,783,self-employed,795205.0,131127.0,0
76766.0,724,salaried,109886.0,83782.0,1
62133.0,641,self-employed,622471.0,167790.0,0
46784.0,626,salaried,372624.0,45736.0,0
46122.0,560,business,505098.0,0.0,0
45055.0,725,business,63400.0,253043.0,0
40374.0,670,salaried,624255.0,33606.0,0
128886.0,498,business,501573.0,36682.0,0
73330.0,654,business,352996.0,79407.0,0
89829.0,623,salaried,476120.0,90710.0,0
51306.0,834,salaried,222211.0,52132.0,1
59793.0,555,business,255701.0,83518.0,0
45020.0,577,salaried,276580.0,81620.0,0
12000.0,794,salaried,50000.0,99860.0,0
26416.0,815,salaried,515117.0,0.0,0
14303.0,637,business,574487.0,244874.0,0
12000.0,646,self-employed,233758.0,72480.0,0
31530.0,752,business,422677.0,134353.0,0
102099.0,502,business,312203.0,0.0,0
63756.0,542,self-employed,419089.0,44965.0,0
101136.0,676,self-employed,247036.0,27853.0,1
76508.0,832,salaried,200983.0,209927.0,0
86912.0,663,salaried,549373.0,35206.0,1
39775.0,709,self-employed,348503.0,149437.0,0
79671.0,796,self-employed,723980.0,29714.0,1
85404.0,879,self-employed,368336.0,46527.0,1
48854.0,651,business,193306.0,64128.0,0
80667.0,699,self-employed,580849.0,194127.0,0
80853.0,855,self-employed,473544.0,0.0,1
49613.0,571,self-employed,490837.0,0.0,0
33562.0,787,salaried,574308.0,0.0,1
31844.0,613,salaried,242497.0,0.0,0
67422.0,709,salaried,337094.0,16014.0,1
74156.0,679,salaried,329139.0,0.0,1
42809.0,619,salaried,127666.0,22597.0,0
65744.0,616,business,312554.0,0.0,0
80975.0,723,salaried,600548.0,0.0,1
82309.0,785,salaried,402721.0,187036.0,0
108453.0,689,salaried,117709.0,119305.0,1
100755.0,706,salaried,79949.0,100935.0,1
36964.0,749,self-employed,659660.0,0.0,0
112140.0,617,self-employed,343743.0,0.0,1
50133.0,763,business,243466.0,0.0,1
94256.0,770,self-employed,310681.0,81327.0,1
66904.0,900,salaried,94085.0,158795.0,1
53460.0,668,business,616157.0,161701.0,0
14384.0,661,salaried,289250.0,138602.0,0
60196.0,765,salaried,606132.0,22308.0,1
21337.0,770,salaried,369297.0,87087.0,0
92084.0,655,business,617316.0,57686.0,0
107470.0,666,self-employed,406205.0,67899.0,1
42686.0,746,salaried,513582.0,258156.0,0
73455.0,630,self-employed,489437.0,0.0,1
44689.0,665,salaried,472192.0,65052.0,0
47402.0,708,business,422628.0,187999.0,0
86686.0,785,salaried,318087.0,0.0,1
63921.0,649,salaried,704778.0,30281.0,0
113710.0,543,salaried,196751.0,40032.0,0
51497.0,537,self-employed,360775.0,66020.0,0
92981.0,593,salaried,362679.0,0.0,0
67728.0,588,salaried,432439.0,135599.0,0
87282.0,687,salaried,282695.0,141634.0,0
52480.0,599,unemployed,416654.0,128212.0,0
63612.0,640,student,329608.0,11018.0,0
61766.0,634,business,75249.0,92353.0,0
41590.0,663,salaried,361719.0,8548.0,0
83538.0,812,unemployed,161898.0,56729.0,1
83207.0,756,business,50000.0,268045.0,0
81620.0,701,business,384637.0,93134.0,0
108035.0,661,salaried,447819.0,0.0,1
105582.0,663,salaried,454806.0,100329.0,0
54502.0,728,salaried,462091.0,0.0,1
75445.0,750,student,50000.0,0.0,1
47539.0,623,self-employed,115017.0,0.0,0
65654.0,703,salaried,715234.0,47234.0,0
48207.0,527,salaried,171502.0,164642.0,0
110362.0,718,self-employed,469951.0,134164.0,0
75184.0,765,salaried,236351.0,129455.0,1
58895.0,676,business,374341.0,0.0,0
98421.0,854,business,246014.0,38988.0,1
12000.0,625,business,461077.0,108120.0,0
12000.0,718,salaried,384619.0,31593.0,0
87283.0,697,self-employed,279308.0,61339.0,0
66693.0,691,self-employed,170969.0,122515.0,0
72012.0,690,self-employed,408199.0,55354.0,0
27861.0,709,salaried,141711.0,104215.0,0
64349.0,772,salaried,436947.0,220382.0,0
121098.0,817,salaried,832767.0,70392.0,1
88078.0,700,self-employed,603031.0,185244.0,0
69752.0,769,salaried,489303.0,132546.0,0
52706.0,640,salaried,344591.0,0.0,0
53952.0,765,salaried,50000.0,0.0,1
12000.0,635,self-employed,121988.0,14144.0,0
72214.0,793,salaried,590903.0,12339.0,1
88674.0,888,student,217844.0,77325.0,1
20883.0,690,self-employed,234135.0,137245.0,0
46480.0,514,salaried,330183.0,191688.0,0
32591.0,653,self-employed,168832.0,111195.0,0
37970.0,805,salaried,139182.0,47117.0,0
66497.0,747,unemployed,350915.0,0.0,0
12000.0,721,self-employed,199525.0,91000.0,0
82200.0,786,business,226617.0,87190.0,1
86108.0,741,salaried,219386.0,100549.0,1
57969.0,804,self-employed,454025.0,264030.0,0
12000.0,778,self-employed,318217.0,190451.0,0
37100.0,829,student,327857.0,151730.0,0
99521.0,730,self-employed,467450.0,3223.0,1
12000.0,777,self-employed,334433.0,41395.0,0
55269.0,674,salaried,309914.0,76938.0,0
31960.0,649,salaried,444681.0,19090.0,0
87528.0,845,self-employed,480276.0,127539.0,1
46097.0,718,salaried,333527.0,115337.0,0
76311.0,768,salaried,374509.0,0.0,1
80833.0,711,business,219278.0,186729.0,0
116414.0,650,student,205077.0,93696.0,1
59318.0,701,salaried,498447.0,0.0,0
75529.0,822,self-employed,440090.0,80636.0,1
23418.0,747,salaried,441954.0,108903.0,0
98332.0,555,business,410554.0,167687.0,0
43706.0,682,salaried,368317.0,56315.0,0
49299.0,851,self-employed,485354.0,155375.0,0
64377.0,682,business,528320.0,100907.0,0
21239.0,547,business,524021.0,0.0,0
71406.0,861,salaried,341860.0,0.0,1
92089.0,758,student,609659.0,180418.0,0
73202.0,694,salaried,401123.0,186659.0,0
20511.0,668,salaried,473828.0,112447.0,0
61533.0,792,self-employed,410776.0,212135.0,0
85777.0,654,salaried,404461.0,174812.0,0
12416.0,798,business,227565.0,143108.0,0
34907.0,746,business,486243.0,7539.0,0
89543.0,721,salaried,872153.0,232171.0,0
72563.0,712,unemployed,292537.0,130586.0,0
76535.0,685,salaried,372779.0,52204.0,1
117066.0,789,self-employed,279683.0,28197.0,1
78119.0,626,salaried,272156.0,106827.0,0
83421.0,562,student,638001.0,0.0,0
140901.0,752,salaried,238865.0,144472.0,1
59013.0,754,salaried,274666.0,3946.0,1
42659.0,741,salaried,74251.0,116502.0,0
76978.0,735,unemployed,223630.0,40662.0,0
77292.0,673,student,52488.0,62524.0,0
50252.0,767,business,473725.0,20663.0,0
36093.0,696,student,863945.0,71295.0,0
129676.0,659,student,293998.0,245597.0,0
74152.0,673,self-employed,59984.0,202730.0,0
44496.0,872,salaried,522000.0,115131.0,0
90646.0,553,business,229154.0,82850.0,0
61944.0,742,self-employed,593882.0,156757.0,0
57919.0,557,salaried,309235.0,181047.0,0
80744.0,691,salaried,246273.0,14465.0,1
28827.0,663,business,327968.0,78418.0,0
74874.0,523,salaried,496400.0,0.0,0
118563.0,733,student,319064.0,180464.0,1
78053.0,668,salaried,270590.0,260527.0,0
54466.0,522,salaried,324210.0,91807.0,0
50801.0,771,business,131066.0,0.0,1
53510.0,822,salaried,431466.0,136756.0,0
57889.0,827,salaried,50000.0,8152.0,1
54421.0,731,self-employed,280058.0,28615.0,1
90657.0,704,student,496689.0,138259.0,0
16470.0,813,salaried,414549.0,106637.0,0
89136.0,843,salaried,466258.0,43511.0,1
54369.0,796,business,348292.0,29784.0,1
75555.0,620,unemployed,570554.0,95696.0,0
33444.0,717,self-employed,526446.0,50195.0,0
102202.0,737,salaried,440305.0,0.0,1
99878.0,546,salaried,526958.0,56732.0,0
91869.0,740,salaried,495076.0,113865.0,1
22587.0,893,salaried,280897.0,69861.0,0
88215.0,754,business,118098.0,0.0,1
76336.0,825,salaried,435665.0,169070.0,0
20052.0,716,self-employed,458296.0,0.0,0
64320.0,694,business,556285.0,47059.0,0
75207.0,732,self-employed,191462.0,32283.0,1
80570.0,631,salaried,196842.0,97595.0,0
69963.0,618,business,442782.0,132741.0,0
73154.0,808,business,347190.0,180775.0,0
106261.0,817,business,50000.0,24446.0,1
99329.0,616,salaried,427519.0,134859.0,0
12000.0,782,salaried,50000.0,101645.0,0
56112.0,693,student,189854.0,0.0,0
60390.0,729,salaried,603303.0,246546.0,0
15941.0,739,salaried,688478.0,0.0,0
67637.0,785,self-employed,141182.0,120657.0,0
99965.0,707,self-employed,300710.0,118147.0,1
34576.0,820,unemployed,367672.0,108429.0,0
74419.0,726,salaried,680621.0,42961.0,1
39357.0,753,student,271284.0,155316.0,0
46186.0,629,salaried,274161.0,0.0,0
106367.0,883,self-employed,638771.0,79405.0,1
49808.0,740,self-employed,292538.0,37071.0,0
77942.0,761,salaried,489996.0,27430.0,1
12606.0,563,salaried,94114.0,121444.0,0
117145.0,630,salaried,329178.0,176586.0,0
81874.0,805,unemployed,61273.0,55823.0,1
59890.0,724,self-employed,170022.0,151358.0,0
81115.0,537,student,511056.0,89228.0,0
25525.0,788,business,351017.0,9118.0,0
98111.0,654,self-employed,302561.0,63074.0,1
55928.0,820,business,225225.0,59544.0,1
59286.0,693,salaried,320282.0,25784.0,1
51234.0,717,salaried,414200.0,121421.0,0
48742.0,800,business,536925.0,104945.0,0
84451.0,624,business,50000.0,0.0,0
72165.0,616,salaried,210283.0,0.0,1
83249.0,683,self-employed,388637.0,121098.0,0
64754.0,770,self-employed,342205.0,15701.0,1
79370.0,587,business,432608.0,110673.0,0
53272.0,558,self-employed,408157.0,151379.0,0
127432.0,770,salaried,305124.0,0.0,1
21098.0,649,salaried,265166.0,0.0,0
100306.0,667,salaried,315810.0,227327.0,0
103301.0,542,self-employed,566774.0,114884.0,0
41140.0,642,business,228239.0,49365.0,0
127420.0,699,self-employed,348695.0,5615.0,1
92874.0,779,salaried,393002.0,41613.0,1
92192.0,634,salaried,640863.0,0.0,1
65785.0,841,business,305945.0,160090.0,0
58918.0,642,business,532585.0,18976.0,0
59137.0,642,salaried,581756.0,177950.0,0
75935.0,831,salaried,348524.0,50947.0,1
104233.0,718,self-employed,322071.0,0.0,1
70077.0,653,salaried,300770.0,48764.0,0
39480.0,687,business,313952.0,0.0,0
88084.0,815,salaried,513763.0,74735.0,1
90792.0,825,salaried,401582.0,70540.0,1
83330.0,631,student,402352.0,155103.0,0
85874.0,696,salaried,157460.0,0.0,1
57414.0,708,salaried,185852.0,183759.0,0
38988.0,616,salaried,745820.0,154751.0,0
40691.0,695,salaried,327991.0,191424.0,0
19207.0,700,salaried,220541.0,80519.0,0
71635.0,797,salaried,617598.0,171181.0,0
62663.0,803,salaried,410726.0,0.0,1
52680.0,672,salaried,464068.0,145609.0,0
12000.0,682,self-employed,335152.0,19451.0,0
30075.0,756,business,302639.0,0.0,0
96384.0,650,salaried,329474.0,0.0,1
46390.0,750,salaried,111107.0,85470.0,0
75097.0,693,self-employed,344173.0,14935.0,1
26061.0,618,student,413286.0,116966.0,0
105284.0,619,business,693083.0,0.0,1
60967.0,823,salaried,375480.0,0.0,1
73121.0,687,salaried,50000.0,201653.0,0
130122.0,839,salaried,343083.0,161823.0,1
107460.0,656,salaried,853111.0,0.0,1
56416.0,725,self-employed,515946.0,84745.0,0
48390.0,900,salaried,214040.0,171658.0,0
55885.0,610,salaried,466399.0,120632.0,0
79277.0,539,salaried,226438.0,97599.0,0
62054.0,809,self-employed,116315.0,178088.0,0
53933.0,630,salaried,297294.0,22889.0,0
106081.0,698,business,376475.0,87650.0,1
61802.0,650,salaried,50000.0,83483.0,0
129388.0,723,student,153151.0,61815.0,1
67541.0,619,salaried,361860.0,51867.0,0
114989.0,685,business,286529.0,91194.0,1
75005.0,738,student,431066.0,87925.0,0
91963.0,614,unemployed,141360.0,0.0,0
44711.0,640,business,488540.0,153153.0,0
41095.0,670,business,146923.0,2007.0,0
77872.0,579,self-employed,655692.0,66450.0,0
92679.0,664,business,51164.0,59901.0,1
66127.0,710,salaried,163340.0,115439.0,0
28981.0,666,self-employed,435127.0,0.0,0
26913.0,677,self-employed,659562.0,160727.0,0
25040.0,698,business,416708.0,27456.0,0
15507.0,644,self-employed,461314.0,188697.0,0
68066.0,759,salaried,363157.0,44356.0,1
96501.0,822,self-employed,175248.0,80848.0,1
64624.0,661,salaried,271775.0,247672.0,0
12000.0,741,salaried,141856.0,61426.0,0
59659.0,680,self-employed,129832.0,190302.0,0
60442.0,731,salaried,432315.0,88319.0,0
123688.0,833,salaried,157828.0,120311.0,1
24200.0,743,salaried,417520.0,90946.0,0
54061.0,549,salaried,125672.0,157067.0,0
112764.0,739,salaried,413349.0,26730.0,1
77599.0,805,salaried,272037.0,1356.0,1
80773.0,681,business,613191.0,30721.0,1
68208.0,785,salaried,418269.0,93475.0,1
74238.0,641,unemployed,582441.0,66230.0,0
86773.0,574,student,223984.0,145373.0,0
42334.0,712,self-employed,370106.0,195902.0,0
89586.0,551,salaried,183404.0,2054.0,1
26556.0,680,self-employed,285551.0,22614.0,0
74194.0,809,business,312821.0,0.0,1
70005.0,538,self-employed,229346.0,257582.0,0
47744.0,591,business,141209.0,110897.0,0
64365.0,612,self-employed,105567.0,125783.0,0
47569.0,695,self-employed,50000.0,0.0,1
34992.0,669,salaried,169858.0,84901.0,0
55099.0,819,business,472949.0,128286.0,0
34088.0,781,salaried,72270.0,63516.0,0
74038.0,742,business,113738.0,176435.0,0
32798.0,712,business,682362.0,281506.0,0
84935.0,733,salaried,245431.0,4500.0,1
31919.0,627,self-employed,417788.0,0.0,0
49144.0,773,salaried,475617.0,10391.0,1
47511.0,605,business,479255.0,221527.0,0
102104.0,771,salaried,85983.0,173600.0,1
74248.0,801,student,318409.0,73480.0,0
59071.0,718,salaried,68719.0,88108.0,0
78964.0,685,unemployed,800337.0,15594.0,0
12000.0,734,business,72922.0,160652.0,0
63792.0,457,self-employed,171389.0,52708.0,0
120930.0,726,business,172692.0,62893.0,1
68706.0,690,business,90601.0,136747.0,0
66902.0,696,unemployed,603467.0,69020.0,0
80348.0,760,salaried,796041.0,65028.0,1
90077.0,694,self-employed,274365.0,85899.0,0
12000.0,603,salaried,122324.0,152605.0,0
17895.0,688,self-employed,50000.0,224952.0,0
70888.0,706,salaried,316060.0,134766.0,0
44983.0,710,self-employed,303054.0,153282.0,0
101737.0,714,self-employed,242767.0,68012.0,1
56175.0,788,self-employed,399848.0,24837.0,1
12000.0,608,self-employed,431131.0,140589.0,0
29496.0,715,business,418155.0,99555.0,0
12000.0,810,business,303098.0,0.0,0
58444.0,553,self-employed,161708.0,57114.0,0
59725.0,715,self-employed,479850.0,77954.0,0
53115.0,650,student,362252.0,41611.0,0
95209.0,668,salaried,519904.0,210948.0,0
98559.0,623,salaried,502214.0,125786.0,0
60229.0,686,salaried,104083.0,201720.0,0
12000.0,857,self-employed,101840.0,107391.0,0
82284.0,593,salaried,224003.0,91918.0,0
80550.0,601,business,169872.0,5389.0,1
73663.0,589,business,495945.0,86014.0,0
92481.0,847,salaried,423236.0,86110.0,1
32385.0,661,student,557853.0,0.0,0
121245.0,698,business,431368.0,39140.0,1
38136.0,666,salaried,397557.0,57521.0,0
85978.0,620,salaried,575951.0,120146.0,0
17754.0,680,salaried,444551.0,124215.0,0
38953.0,900,salaried,372258.0,35588.0,1
107458.0,818,salaried,626482.0,124854.0,1
57695.0,628,student,380733.0,69523.0,0
88518.0,755,salaried,305219.0,0.0,1
71635.0,629,salaried,209192.0,43800.0,0
62061.0,549,business,486545.0,176714.0,0
103188.0,787,self-employed,582669.0,0.0,1
58374.0,799,student,350894.0,94579.0,0
15139.0,789,business,595425.0,219747.0,0
42509.0,660,self-employed,50000.0,20348.0,0
80433.0,686,salaried,350018.0,85183.0,0
76074.0,764,unemployed,352783.0,0.0,1
21122.0,733,business,229141.0,223315.0,0
44718.0,667,unemployed,789095.0,77917.0,0
48712.0,562,salaried,348085.0,88963.0,0
54767.0,710,business,286608.0,200116.0,0
26474.0,792,self-employed,364673.0,141226.0,0
47406.0,598,salaried,50000.0,10572.0,0
44599.0,754,self-employed,223224.0,29981.0,1
86603.0,728,business,536983.0,127069.0,0
87655.0,764,salaried,246790.0,31950.0,1
60917.0,774,self-employed,210802.0,0.0,1
54023.0,641,business,595715.0,80475.0,0
68918.0,563,salaried,601246.0,0.0,0
42136.0,655,self-employed,453058.0,222384.0,0
32889.0,776,salaried,278079.0,100027.0,0
38674.0,654,salaried,316895.0,8060.0,0
47225.0,641,student,215253.0,25616.0,0
32423.0,545,business,180941.0,0.0,0
69538.0,849,salaried,172005.0,0.0,1
85432.0,770,unemployed,248750.0,171387.0,0
20561.0,765,student,173750.0,274702.0,0
65704.0,782,salaried,78533.0,146744.0,0
58842.0,749,business,399492.0,77176.0,1
74562.0,679,salaried,402227.0,48283.0,0
64638.0,686,unemployed,666143.0,3698.0,0
24299.0,664,self-employed,239699.0,260080.0,0
29653.0,900,self-employed,413298.0,68956.0,0
65824.0,747,salaried,416288.0,264829.0,0
93806.0,661,student,314309.0,203449.0,0
12000.0,740,salaried,493980.0,0.0,0
74680.0,614,salaried,499541.0,28394.0,0
98309.0,828,salaried,418934.0,28131.0,1
60715.0,644,business,313985.0,78213.0,0
80406.0,743,salaried,295645.0,79873.0,1
45314.0,791,student,113804.0,339680.0,0
61658.0,733,self-employed,214935.0,0.0,1
19614.0,708,salaried,248039.0,104462.0,0
12000.0,701,salaried,157685.0,137403.0,0
91397.0,695,salaried,439186.0,84866.0,0
37420.0,651,self-employed,575393.0,94365.0,0
52245.0,662,business,196549.0,0.0,1
26180.0,826,salaried,411019.0,94051.0,0
25521.0,691,business,173860.0,128469.0,0
60133.0,633,salaried,305114.0,112846.0,0
44572.0,656,business,235741.0,133467.0,0
75583.0,794,student,468341.0,205072.0,0
77671.0,757,business,237818.0,164642.0,0
73984.0,748,business,542099.0,91060.0,0
71681.0,678,business,315770.0,0.0,0
109178.0,749,salaried,243071.0,34000.0,1
35107.0,645,salaried,134405.0,66331.0,0
63462.0,678,salaried,405577.0,106449.0,0
96715.0,782,self-employed,521139.0,44342.0,1
100407.0,774,business,409198.0,5463.0,1
25191.0,617,self-employed,762990.0,0.0,0
56254.0,627,business,617362.0,0.0,0
103027.0,709,salaried,304645.0,65029.0,1
79226.0,847,business,302755.0,0.0,1
70467.0,537,salaried,444545.0,0.0,0
58905.0,724,salaried,209157.0,51518.0,0
54254.0,583,business,569932.0,0.0,0
73070.0,646,unemployed,425088.0,117279.0,0
57934.0,669,self-employed,406163.0,147919.0,0
63808.0,664,salaried,483652.0,38299.0,0
67201.0,655,self-employed,670109.0,47853.0,0
46014.0,701,salaried,390772.0,130682.0,0
79900.0,655,student,339653.0,24310.0,0
146599.0,576,business,631570.0,18468.0,1
15244.0,766,salaried,534159.0,186702.0,0
74072.0,764,salaried,302224.0,160156.0,0
43715.0,772,salaried,360934.0,136132.0,0
81167.0,569,unemployed,395169.0,163680.0,0
66304.0,725,self-employed,425126.0,0.0,1
86332.0,757,business,115812.0,200076.0,0
97914.0,612,self-employed,82353.0,118325.0,0
70388.0,701,self-employed,200270.0,170916.0,0
96697.0,690,salaried,186347.0,117909.0,1
12000.0,857,unemployed,244112.0,89159.0,0
109533.0,864,salaried,474248.0,61599.0,1
75502.0,559,self-employed,329593.0,116207.0,0
95180.0,900,business,395351.0,58501.0,1
30843.0,622,self-employed,139625.0,158769.0,0
41738.0,783,unemployed,276904.0,0.0,0
69086.0,782,salaried,465706.0,38966.0,1
64523.0,615,self-employed,467091.0,258810.0,0
72926.0,742,salaried,229577.0,31783.0,1
95366.0,691,self-employed,389099.0,64712.0,1
15574.0,747,salaried,755793.0,9981.0,0
92267.0,720,salaried,356832.0,113547.0,1
65232.0,802,salaried,235226.0,22417.0,1
59294.0,706,salaried,328723.0,69223.0,0
23809.0,686,salaried,376592.0,157154.0,0
79085.0,793,self-employed,332790.0,25605.0,1
12000.0,749,self-employed,354356.0,152032.0,0
83155.0,762,salaried,100180.0,154889.0,0
23221.0,644,salaried,186727.0,174671.0,0
66497.0,611,salaried,333120.0,96946.0,0
61663.0,652,self-employed,330252.0,360507.0,0
97747.0,647,salaried,258086.0,174635.0,0
59998.0,767,salaried,328138.0,112615.0,0
45564.0,783,salaried,370983.0,10546.0,1
50815.0,687,self-employed,520094.0,76750.0,0
100641.0,822,salaried,342142.0,206238.0,1
80016.0,816,self-employed,431839.0,230310.0,0
54202.0,721,self-employed,262512.0,210658.0,0
58380.0,630,business,462977.0,151741.0,0
21119.0,834,self-employed,427631.0,0.0,0
75877.0,695,self-employed,515847.0,126409.0,0
15725.0,711,salaried,488423.0,0.0,0
86050.0,671,business,465972.0,0.0,1
68601.0,624,self-employed,342285.0,105328.0,0
131835.0,575,salaried,404089.0,129472.0,1
34196.0,754,self-employed,551432.0,161787.0,0
62125.0,633,salaried,242627.0,127257.0,0
115352.0,900,self-employed,246887.0,130185.0,1
98359.0,608,business,392658.0,1305.0,1
45506.0,593,student,434750.0,76077.0,0
71271.0,743,student,211661.0,0.0,1
65056.0,830,self-employed,346543.0,0.0,1
72895.0,705,self-employed,343080.0,147955.0,0
45437.0,749,business,50000.0,20984.0,1
62499.0,543,salaried,320473.0,159162.0,0
20255.0,642,business,331683.0,179210.0,0
68783.0,609,self-employed,331147.0,32358.0,0
77601.0,539,salaried,614865.0,135176.0,0
58632.0,710,salaried,141156.0,28802.0,0
19779.0,509,business,211568.0,0.0,0
92679.0,588,salaried,50000.0,95481.0,0
75207.0,654,salaried,273435.0,44976.0,0
44672.0,629,salaried,288784.0,47592.0,0
57143.0,734,salaried,268204.0,252904.0,0
22981.0,726,salaried,559382.0,0.0,0
36289.0,776,business,514911.0,117544.0,0
49941.0,764,salaried,374014.0,441.0,1
99396.0,797,business,293290.0,162202.0,1
47094.0,700,business,544714.0,110367.0,0
82926.0,726,salaried,356444.0,117244.0,0
49927.0,743,salaried,212711.0,4684.0,1
71943.0,712,self-employed,51075.0,19925.0,1
61041.0,666,salaried,280563.0,163816.0,0
89446.0,672,salaried,495836.0,235518.0,0
50025.0,631,unemployed,769777.0,125826.0,0
20969.0,736,unemployed,371090.0,8719.0,0
26305.0,692,business,222236.0,113810.0,0
50107.0,644,salaried,146706.0,291335.0,0
30026.0,644,business,459352.0,93706.0,0
76486.0,597,business,50000.0,209256.0,0
51958.0,783,salaried,459062.0,22072.0,1
131489.0,707,self-employed,507188.0,81423.0,1
16344.0,627,salaried,438530.0,137663.0,0
70702.0,769,salaried,320461.0,118773.0,1
33417.0,652,self-employed,461689.0,19857.0,0
51185.0,580,salaried,390769.0,16191.0,0
68960.0,787,salaried,219938.0,169004.0,1
12000.0,654,business,693074.0,186282.0,0
71631.0,665,unemployed,296698.0,213532.0,0
118281.0,704,self-employed,499635.0,238334.0,0
52304.0,797,business,50000.0,96443.0,0
72275.0,702,unemployed,589765.0,58548.0,0
93698.0,598,salaried,624377.0,199834.0,0
60409.0,746,salaried,365370.0,145611.0,0
48733.0,659,salaried,460579.0,1491.0,0
12000.0,860,salaried,460533.0,0.0,0
82948.0,700,business,244299.0,126814.0,0
61831.0,510,salaried,458482.0,69932.0,0
36645.0,730,self-employed,214447.0,82753.0,0
68545.0,865,salaried,250424.0,176165.0,0
48657.0,834,salaried,562850.0,149518.0,0
50204.0,856,student,535438.0,198039.0,0
81976.0,613,salaried,232852.0,0.0,1
27525.0,778,salaried,227956.0,106539.0,0
94325.0,639,salaried,243793.0,144049.0,0
25865.0,719,self-employed,491875.0,0.0,0
46444.0,592,self-employed,180003.0,29334.0,0
118842.0,645,self-employed,424208.0,13559.0,1
96566.0,643,salaried,494432.0,86844.0,0
67733.0,776,salaried,344116.0,223368.0,0
38665.0,768,business,541811.0,256920.0,0
50180.0,724,self-employed,305224.0,15786.0,1
67052.0,585,self-employed,321506.0,129757.0,0
66051.0,674,business,184096.0,132498.0,0
62456.0,637,business,543092.0,117948.0,0
64137.0,774,salaried,222026.0,118913.0,0
58997.0,800,salaried,422959.0,110818.0,0
24625.0,790,self-employed,347163.0,228443.0,0
50538.0,636,salaried,170499.0,178710.0,0
90609.0,467,business,250361.0,0.0,0
26687.0,550,self-employed,608917.0,152636.0,0
59692.0,821,business,396298.0,160852.0,0
42047.0,666,business,178353.0,111772.0,0
68118.0,636,self-employed,414959.0,181171.0,0
54118.0,840,student,333699.0,100986.0,0
106367.0,808,self-employed,981728.0,102040.0,1
79184.0,702,business,411322.0,95305.0,0
28270.0,675,salaried,291488.0,0.0,0
83794.0,689,self-employed,615605.0,78166.0,0
43310.0,719,self-employed,50000.0,28199.0,0
48844.0,836,salaried,376978.0,0.0,1
73787.0,736,salaried,718997.0,206892.0,0
51231.0,762,student,339084.0,127858.0,0
90000.0,799,self-employed,50000.0,82464.0,1
43314.0,601,salaried,288735.0,36992.0,0
47669.0,764,salaried,621813.0,110174.0,0
46622.0,675,salaried,427693.0,169272.0,0
49162.0,486,salaried,209006.0,14708.0,0
95777.0,519,student,236656.0,84590.0,0
82606.0,613,salaried,259254.0,158786.0,0
112878.0,745,salaried,425016.0,0.0,1
128494.0,710,self-employed,600875.0,80107.0,1
36140.0,716,salaried,549436.0,48510.0,0
66972.0,866,salaried,442082.0,73624.0,1
32066.0,592,business,120304.0,42362.0,0
43227.0,698,self-employed,120972.0,96698.0,0
47358.0,726,unemployed,455985.0,248508.0,0
35400.0,637,self-employed,117815.0,57467.0,0
35547.0,702,self-employed,319398.0,109795.0,0
60960.0,564,business,414747.0,254553.0,0
30932.0,820,student,155233.0,38249.0,0
88580.0,642,business,175633.0,239247.0,0
39303.0,873,unemployed,343058.0,85452.0,0
143668.0,697,business,450657.0,236461.0,0
52361.0,787,business,551073.0,148767.0,0
67016.0,695,salaried,469270.0,111104.0,0
28730.0,697,business,373258.0,79421.0,0
112771.0,650,salaried,225685.0,31956.0,1
96346.0,710,self-employed,167237.0,91442.0,1
73314.0,727,self-employed,268042.0,161276.0,0
27290.0,633,unemployed,433788.0,83886.0,0
70899.0,689,unemployed,420592.0,58087.0,0
33600.0,648,salaried,50000.0,63683.0,0
105946.0,895,business,218578.0,169361.0,1
87657.0,692,business,576811.0,189139.0,0
67672.0,831,salaried,374259.0,28292.0,1
12000.0,683,salaried,104938.0,28170.0,0
37464.0,722,salaried,784048.0,117246.0,0
84257.0,588,business,354790.0,214840.0,0
98961.0,662,self-employed,429180.0,182409.0,0
96057.0,718,unemployed,431914.0,0.0,1
20424.0,835,self-employed,293833.0,62554.0,0
73443.0,719,unemployed,229037.0,5899.0,0
93434.0,818,salaried,741901.0,62261.0,1
18567.0,754,business,540577.0,221375.0,0
64779.0,838,salaried,507949.0,0.0,1
72668.0,695,self-employed,463732.0,0.0,1
56579.0,900,business,179403.0,14573.0,1
13139.0,659,student,589955.0,109421.0,0
55880.0,635,business,208236.0,137764.0,0
55835.0,597,salaried,410992.0,122183.0,0
60854.0,898,salaried,64910.0,184933.0,0
49223.0,770,salaried,50000.0,0.0,1
52596.0,672,salaried,417292.0,186009.0,0
63888.0,806,business,214362.0,58472.0,1
77389.0,758,business,50000.0,147177.0,0
56476.0,867,business,457310.0,0.0,1
53530.0,568,business,741615.0,85421.0,0
67586.0,677,business,610121.0,105083.0,0
12000.0,661,business,313683.0,183239.0,0
78357.0,532,salaried,361592.0,0.0,0
64984.0,790,salaried,519787.0,87614.0,0
66111.0,677,self-employed,561983.0,0.0,1
91901.0,763,business,298164.0,127967.0,1
12000.0,900,salaried,366152.0,151063.0,0
12000.0,670,self-employed,414111.0,194409.0,0
72667.0,664,business,459698.0,39522.0,0
64801.0,710,salaried,336046.0,163814.0,0
69765.0,784,salaried,338385.0,200677.0,0
52060.0,652,student,608370.0,0.0,0
83602.0,646,business,577714.0,137049.0,0
91114.0,790,salaried,445934.0,166473.0,1
78552.0,732,business,669440.0,63008.0,1
57697.0,526,salaried,290440.0,0.0,0
12000.0,596,business,652135.0,165151.0,0
86539.0,828,salaried,457653.0,0.0,1
99208.0,734,self-employed,948785.0,69840.0,1
83048.0,635,salaried,145353.0,81589.0,0
40370.0,686,salaried,235918.0,145821.0,0
83866.0,701,student,435384.0,31736.0,0
89095.0,763,salaried,431502.0,26810.0,1
108647.0,585,salaried,711025.0,93408.0,0
40469.0,629,salaried,239693.0,170543.0,0
58659.0,723,business,522885.0,279433.0,0
85924.0,692,business,569243.0,0.0,1
66607.0,749,unemployed,486837.0,111804.0,0
33715.0,595,salaried,187021.0,0.0,0
76609.0,730,salaried,613397.0,171599.0,0
81203.0,793,salaried,581278.0,5224.0,1
67463.0,741,self-employed,467925.0,27655.0,1
71148.0,712,unemployed,396783.0,34912.0,0
57756.0,692,business,400699.0,78523.0,0
106392.0,629,self-employed,345828.0,112472.0,0
39781.0,694,salaried,475341.0,126115.0,0
48555.0,807,student,365604.0,84510.0,0
65308.0,690,self-employed,207266.0,0.0,1
89611.0,624,salaried,171254.0,146862.0,0
23074.0,658,salaried,224633.0,80499.0,0
28312.0,717,salaried,399984.0,183747.0,0
12000.0,668,salaried,355148.0,24842.0,0
65915.0,741,salaried,398762.0,0.0,1
33687.0,744,self-employed,450146.0,82108.0,0
54233.0,776,self-employed,247082.0,195156.0,0
83519.0,821,salaried,623819.0,98680.0,1
47037.0,785,salaried,311812.0,68028.0,0
71476.0,621,unemployed,281983.0,11021.0,0
56619.0,623,business,446830.0,234410.0,0
83819.0,694,self-employed,50000.0,0.0,1
78304.0,662,salaried,217704.0,23341.0,1
45626.0,603,student,536593.0,133453.0,0
60278.0,662,salaried,50000.0,0.0,1
94225.0,660,salaried,561163.0,193340.0,0
76015.0,643,student,632005.0,138056.0,0
25885.0,673,self-employed,293498.0,161435.0,0
83357.0,800,business,412526.0,132440.0,1
34631.0,717,self-employed,561436.0,71305.0,0
104550.0,900,self-employed,275978.0,0.0,1
93675.0,714,salaried,516200.0,73094.0,1
73117.0,675,salaried,239193.0,2105.0,1
69403.0,700,salaried,274032.0,126323.0,0
59147.0,722,salaried,216119.0,153576.0,0
83999.0,737,student,421676.0,210529.0,0
54618.0,877,salaried,568434.0,116600.0,0
71596.0,628,self-employed,326860.0,163589.0,0
89414.0,773,business,131175.0,59743.0,1
49269.0,718,business,165113.0,44346.0,0
47747.0,566,salaried,431028.0,125262.0,0
31558.0,766,self-employed,691941.0,52150.0,0
35195.0,808,unemployed,430870.0,107881.0,0
13805.0,627,business,290359.0,0.0,0
85435.0,699,business,497913.0,10062.0,1
115650.0,553,student,316890.0,139010.0,0
104909.0,593,business,291909.0,160369.0,0
19470.0,789,salaried,187477.0,1219.0,1
85296.0,660,self-employed,613521.0,142002.0,0
104819.0,606,salaried,50000.0,39717.0,0
52209.0,720,self-employed,503615.0,86403.0,0
67841.0,656,unemployed,276526.0,205440.0,0
12000.0,660,self-employed,286139.0,153636.0,0
72469.0,763,salaried,664617.0,152649.0,0
35220.0,601,salaried,231456.0,247247.0,0
70590.0,623,unemployed,237588.0,25170.0,0
21286.0,713,salaried,336529.0,1201.0,0
80200.0,782,salaried,434493.0,23620.0,1
93686.0,805,salaried,280466.0,63367.0,1
43071.0,643,salaried,76705.0,0.0,1
33166.0,780,self-employed,204174.0,67369.0,0
12000.0,633,self-employed,590640.0,38711.0,0
57540.0,855,salaried,373460.0,151620.0,0
48715.0,604,salaried,441196.0,114956.0,0
21571.0,813,salaried,312944.0,33941.0,0
77685.0,644,salaried,241290.0,135147.0,0
52401.0,871,salaried,661963.0,146477.0,0
34879.0,750,business,326125.0,19674.0,0
49472.0,614,salaried,280193.0,43093.0,0
94997.0,656,salaried,557306.0,0.0,1
81882.0,766,salaried,229975.0,0.0,1
61359.0,789,salaried,252949.0,21890.0,1
82335.0,694,salaried,361844.0,91304.0,0
32494.0,704,salaried,360049.0,4642.0,0
65906.0,764,business,406730.0,41357.0,1
69125.0,711,salaried,736500.0,0.0,1
51845.0,590,self-employed,420525.0,99545.0,0
77193.0,631,self-employed,50000.0,121186.0,0
43148.0,720,salaried,418734.0,119201.0,0
79275.0,803,salaried,366818.0,86051.0,1
80452.0,837,business,367821.0,0.0,1
12000.0,766,business,404271.0,32304.0,0
98329.0,724,salaried,354838.0,50379.0,1
12000.0,764,salaried,350530.0,50720.0,0
47751.0,643,salaried,470348.0,91373.0,0
93710.0,687,self-employed,262425.0,206171.0,0
56116.0,630,business,189416.0,154028.0,0
23947.0,594,salaried,904281.0,1061.0,0
34375.0,728,salaried,231146.0,142664.0,0
93753.0,716,student,378026.0,139426.0,0
12000.0,758,salaried,90781.0,16484.0,0
96612.0,746,self-employed,380964.0,157154.0,0
63457.0,721,business,192019.0,71368.0,0
31613.0,747,salaried,280355.0,0.0,0
48673.0,696,salaried,548112.0,123692.0,0
36518.0,735,salaried,444962.0,103442.0,0
89254.0,638,student,462314.0,65647.0,0
85508.0,731,salaried,50000.0,81816.0,1
16863.0,757,salaried,690641.0,23878.0,0
53699.0,643,salaried,145461.0,136861.0,0
40831.0,704,salaried,635141.0,81307.0,0
101218.0,647,self-employed,543878.0,99148.0,0
27197.0,655,salaried,463920.0,115357.0,0
109918.0,604,self-employed,206103.0,0.0,1
64068.0,808,self-employed,387286.0,8986.0,1
32466.0,791,business,275234.0,0.0,1
46036.0,746,salaried,365227.0,133003.0,0
42555.0,868,business,315023.0,0.0,1
29311.0,684,self-employed,50000.0,96268.0,0
67655.0,900,salaried,561921.0,116534.0,1
30618.0,681,business,345401.0,136200.0,0
12000.0,722,business,272736.0,0.0,0
54369.0,666,salaried,259141.0,79461.0,0
14520.0,732,student,424523.0,226974.0,0
43939.0,771,self-employed,199124.0,230717.0,0
39545.0,690,self-employed,50000.0,168922.0,0
40606.0,851,unemployed,433283.0,113687.0,0
121027.0,720,salaried,453439.0,0.0,1
66580.0,723,business,324066.0,146083.0,0
71870.0,623,salaried,153377.0,71568.0,0
15261.0,736,business,376008.0,132645.0,0
46689.0,689,self-employed,96384.0,31208.0,0
71028.0,648,salaried,175098.0,70301.0,0
36313.0,634,salaried,224874.0,98953.0,0
90426.0,900,salaried,511909.0,105934.0,1
31324.0,678,salaried,294730.0,126966.0,0
56982.0,576,salaried,279384.0,35768.0,0
48591.0,641,salaried,711845.0,0.0,0
69601.0,696,salaried,423443.0,223107.0,0
47066.0,746,salaried,421019.0,296587.0,0
57415.0,747,business,293454.0,123031.0,0
58388.0,758,business,252653.0,0.0,1
44437.0,645,business,50000.0,19278.0,0
78583.0,729,salaried,534373.0,128275.0,0
71675.0,626,student,440696.0,198995.0,0
62519.0,647,self-employed,327750.0,0.0,0
52947.0,622,salaried,335299.0,74432.0,0
87303.0,599,salaried,492506.0,101654.0,0
58397.0,790,business,80152.0,158489.0,0
56412.0,759,salaried,253821.0,55794.0,1
67931.0,783,self-employed,155465.0,0.0,1
112504.0,703,unemployed,678872.0,137802.0,0
27470.0,766,salaried,517618.0,180608.0,0
86556.0,550,salaried,50000.0,77980.0,0
12000.0,773,unemployed,87523.0,119445.0,0
71084.0,715,self-employed,336178.0,44668.0,0
109102.0,753,salaried,274961.0,13109.0,1
78683.0,732,student,121611.0,172246.0,0
69778.0,616,student,710057.0,117937.0,0
49307.0,573,self-employed,416257.0,126681.0,0
65869.0,639,self-employed,445467.0,212680.0,0
57942.0,748,salaried,235437.0,0.0,1
42993.0,759,salaried,490009.0,38078.0,0
56883.0,584,self-employed,291522.0,98424.0,0
70555.0,617,salaried,308998.0,37033.0,0
43518.0,639,self-employed,469980.0,151567.0,0
42424.0,670,business,66780.0,69071.0,0
26913.0,584,salaried,647465.0,635.0,0
75940.0,579,self-employed,392830.0,90591.0,0
80269.0,630,salaried,590570.0,99479.0,0
71486.0,707,student,166424.0,164448.0,0
92025.0,600,salaried,193830.0,118417.0,0
67460.0,690,self-employed,150858.0,124197.0,0
75976.0,790,self-employed,405054.0,112225.0,1
73507.0,589,salaried,371877.0,69001.0,0
62437.0,682,business,276406.0,24121.0,1
50137.0,787,business,177468.0,109551.0,0
126996.0,664,self-employed,132013.0,56684.0,1
52345.0,651,business,351273.0,228635.0,0
46355.0,799,unemployed,276194.0,199085.0,0
77152.0,674,salaried,236591.0,138791.0,0
72052.0,794,self-employed,638476.0,117170.0,0
25666.0,736,salaried,345181.0,77523.0,0
96435.0,671,business,588608.0,0.0,1
62363.0,741,self-employed,264015.0,66625.0,1
33894.0,727,salaried,404060.0,93619.0,0
98286.0,787,salaried,350014.0,104504.0,1
82519.0,653,student,54428.0,124911.0,0
29593.0,704,salaried,617101.0,163313.0,0
114761.0,695,business,335672.0,26167.0,1
83446.0,760,salaried,494355.0,26939.0,1
64715.0,613,unemployed,224635.0,208323.0,0
109526.0,786,salaried,330328.0,150533.0,1
69460.0,740,salaried,203967.0,51784.0,1
64214.0,588,business,582480.0,75887.0,0
46512.0,803,student,416054.0,76269.0,0
81292.0,890,salaried,426070.0,87684.0,1
78345.0,785,self-employed,604473.0,125178.0,0
65411.0,821,business,568141.0,300474.0,0
42880.0,707,student,497762.0,101129.0,0
68638.0,559,salaried,104089.0,141321.0,0
63046.0,543,self-employed,234778.0,0.0,0
27663.0,722,business,179300.0,43784.0,0
23789.0,650,business,490956.0,189449.0,0
80824.0,622,business,390717.0,119197.0,0
12000.0,695,self-employed,109708.0,0.0,0
70751.0,752,salaried,326026.0,142292.0,0
51614.0,577,student,91060.0,248044.0,0
101631.0,662,business,350432.0,0.0,1
51183.0,828,business,62033.0,214148.0,0
83466.0,609,salaried,455189.0,0.0,1
53886.0,774,salaried,428033.0,164730.0,0
68185.0,659,business,703431.0,84265.0,0
85631.0,746,salaried,512617.0,0.0,1
52048.0,793,unemployed,283875.0,122922.0,0
92904.0,763,salaried,507253.0,182821.0,0
37176.0,777,business,108421.0,115930.0,0
73249.0,602,student,186755.0,134710.0,0
90834.0,795,salaried,419966.0,50008.0,1
83481.0,628,salaried,50000.0,0.0,1
118660.0,722,self-employed,353311.0,143808.0,1
43624.0,722,self-employed,176353.0,233729.0,0
26384.0,741,salaried,378235.0,181014.0,0
37159.0,729,self-employed,166007.0,0.0,1
83492.0,628,student,436365.0,0.0,0
78942.0,585,self-employed,363479.0,13093.0,0
67863.0,774,salaried,612066.0,0.0,0
33557.0,716,salaried,361212.0,88756.0,0
86472.0,798,salaried,221644.0,118440.0,1
30708.0,696,salaried,315561.0,0.0,1
97451.0,581,salaried,118037.0,151056.0,0
145008.0,782,business,433105.0,136094.0,1
75261.0,669,salaried,466173.0,38406.0,0
81327.0,729,unemployed,804455.0,70336.0,0
51200.0,645,salaried,248070.0,0.0,0
14314.0,840,salaried,311797.0,56758.0,0
48124.0,625,business,256363.0,85628.0,0
34399.0,671,student,398180.0,99344.0,0
24484.0,709,salaried,428704.0,117205.0,0
113226.0,607,salaried,350393.0,105761.0,0
72640.0,728,salaried,555539.0,62531.0,1
75631.0,837,self-employed,248944.0,109327.0,1
56347.0,658,self-employed,537511.0,170173.0,0
60160.0,734,salaried,456930.0,76883.0,0
92007.0,466,salaried,357835.0,111996.0,0
64095.0,697,self-employed,303311.0,69175.0,0
79859.0,673,unemployed,796800.0,30025.0,0
59512.0,630,self-employed,212938.0,129445.0,0
55420.0,792,self-employed,413628.0,37806.0,1
25606.0,672,salaried,224961.0,117822.0,0
12000.0,685,salaried,681412.0,87402.0,0
57676.0,668,salaried,519629.0,59166.0,0
66582.0,537,business,237897.0,57108.0,0
28988.0,604,student,452267.0,41810.0,0
64035.0,782,student,406385.0,0.0,1
66505.0,521,unemployed,267008.0,117546.0,0
12000.0,635,unemployed,496470.0,104681.0,0
39377.0,666,unemployed,430075.0,157222.0,0
76403.0,848,salaried,398826.0,39826.0,1
75838.0,765,salaried,352454.0,246108.0,0
32697.0,653,salaried,437590.0,52722.0,0
69437.0,811,self-employed,401290.0,10616.0,1
93627.0,637,salaried,370637.0,537.0,1
86758.0,786,business,244617.0,0.0,1
62332.0,584,self-employed,664878.0,215273.0,0
51897.0,791,self-employed,170924.0,201541.0,0
47378.0,665,salaried,436975.0,136063.0,0
78099.0,613,salaried,302357.0,8832.0,1
70463.0,682,salaried,676719.0,238958.0,0
82623.0,724,business,197373.0,55104.0,1
68692.0,658,self-employed,227653.0,62133.0,0
87925.0,747,business,185433.0,207167.0,0
67649.0,650,salaried,418224.0,141007.0,0
86971.0,753,salaried,112851.0,272094.0,0
89383.0,738,salaried,273865.0,106141.0,1
42473.0,695,business,50000.0,51252.0,0
14372.0,662,business,403276.0,32997.0,0
108218.0,713,salaried,269961.0,0.0,1
72186.0,747,unemployed,92150.0,61319.0,0
16994.0,875,salaried,555410.0,182290.0,0
45013.0,780,student,124620.0,135901.0,0
86612.0,783,salaried,503450.0,86726.0,1
57169.0,900,salaried,233813.0,431.0,1
50662.0,744,business,648283.0,104284.0,0
104225.0,741,salaried,494919.0,171089.0,0
35676.0,760,salaried,178551.0,121611.0,0
42652.0,614,salaried,194925.0,99172.0,0
70919.0,662,salaried,468995.0,17259.0,1
75933.0,657,business,312772.0,158710.0,0
78898.0,755,business,329518.0,0.0,1
90515.0,685,student,589003.0,117542.0,0
70560.0,712,salaried,225236.0,303477.0,0
78703.0,792,self-employed,376433.0,0.0,1
57742.0,773,salaried,531833.0,64484.0,0
66756.0,686,salaried,505641.0,84328.0,0
68011.0,643,salaried,331270.0,45680.0,0
71023.0,796,unemployed,307997.0,173092.0,0
86631.0,766,student,50000.0,125158.0,0
80544.0,563,business,169876.0,97946.0,0
66238.0,673,self-employed,417305.0,152768.0,0
42344.0,714,self-employed,335181.0,86424.0,0
66895.0,766,self-employed,373487.0,355288.0,0
64216.0,777,self-employed,547066.0,97864.0,0
70409.0,724,salaried,146282.0,101599.0,0
126783.0,750,salaried,317488.0,0.0,1
50334.0,705,salaried,393968.0,38807.0,0
76824.0,643,unemployed,233251.0,182527.0,0
94917.0,678,self-employed,617666.0,0.0,1
67744.0,702,unemployed,523546.0,0.0,0
130460.0,697,salaried,412224.0,87747.0,1
54415.0,540,self-employed,682962.0,201513.0,0
74074.0,666,salaried,90199.0,88602.0,0
42633.0,705,salaried,358609.0,56429.0,0
55157.0,676,salaried,425941.0,0.0,0
71970.0,679,salaried,195380.0,123442.0,0
88697.0,741,student,414129.0,141208.0,0
73935.0,608,salaried,160815.0,0.0,1
100255.0,562,self-employed,484300.0,181435.0,0
62341.0,670,self-employed,550410.0,150084.0,0
55699.0,765,salaried,409020.0,181247.0,0
140712.0,843,self-employed,50000.0,134600.0,1
76039.0,766,salaried,185977.0,140563.0,0
44855.0,575,unemployed,461648.0,129261.0,0
45561.0,680,business,363816.0,158820.0,0
38605.0,722,business,50000.0,0.0,1
91224.0,715,self-employed,583709.0,0.0,1
54797.0,746,salaried,384598.0,22439.0,1
68566.0,622,student,212567.0,73965.0,0
63222.0,706,salaried,539092.0,117992.0,0
85482.0,736,salaried,238043.0,112598.0,1
41291.0,770,salaried,236079.0,179954.0,0
34884.0,632,business,424503.0,182622.0,0
71280.0,671,self-employed,680587.0,10847.0,0
81827.0,470,business,652246.0,105279.0,0
74311.0,647,business,424748.0,12934.0,0
42335.0,655,salaried,443229.0,68999.0,0
83970.0,613,student,502470.0,112352.0,0
44172.0,714,salaried,133743.0,0.0,1
50397.0,695,self-employed,475947.0,289956.0,0
38569.0,508,salaried,227867.0,133145.0,0
101432.0,718,unemployed,417326.0,34365.0,0
82736.0,621,salaried,319056.0,248826.0,0
81940.0,741,salaried,450217.0,55468.0,1
99922.0,591,self-employed,381259.0,96264.0,0
143754.0,703,salaried,50000.0,43595.0,1
17142.0,676,salaried,392201.0,225419.0,0
44325.0,726,self-employed,475588.0,76076.0,0
47747.0,711,salaried,440267.0,97706.0,0
41177.0,678,student,341535.0,187321.0,0
34828.0,569,salaried,655589.0,134737.0,0
56610.0,574,business,416047.0,80380.0,0
30935.0,650,self-employed,438781.0,179383.0,0
74381.0,699,self-employed,548009.0,300771.0,0
66448.0,648,self-employed,425267.0,111980.0,0
78469.0,753,self-employed,198357.0,94925.0,1
79216.0,676,unemployed,50000.0,99503.0,0
81884.0,618,salaried,274118.0,196387.0,0
54545.0,676,salaried,496970.0,34068.0,0
124392.0,719,business,296443.0,61343.0,1
71564.0,728,business,504212.0,0.0,1
12850.0,860,salaried,386771.0,0.0,0
36933.0,643,salaried,591852.0,40987.0,0
16266.0,694,student,306861.0,80245.0,0
65485.0,736,business,444171.0,235372.0,0
61589.0,698,unemployed,451059.0,130559.0,0
51884.0,657,self-employed,630288.0,7473.0,0
121306.0,568,self-employed,52805.0,23122.0,1
80372.0,657,salaried,277487.0,201854.0,0
85331.0,609,unemployed,512733.0,180762.0,0
38930.0,553,salaried,638261.0,87393.0,0
37024.0,632,business,403213.0,47385.0,0
66031.0,611,salaried,307313.0,180619.0,0
69844.0,750,self-employed,496281.0,567.0,1
13023.0,751,business,516366.0,118323.0,0
59951.0,623,self-employed,295261.0,278176.0,0
65394.0,678,student,419455.0,102455.0,0
58976.0,542,salaried,572495.0,19073.0,0
42225.0,658,self-employed,700283.0,119881.0,0
49893.0,734,salaried,493669.0,45049.0,0
60048.0,770,salaried,367945.0,0.0,1
67542.0,639,salaried,350266.0,144588.0,0
81934.0,789,salaried,460331.0,180016.0,0
95264.0,571,salaried,339179.0,58573.0,0
56758.0,594,self-employed,394135.0,52935.0,0
52228.0,760,self-employed,169582.0,3267.0,1
77254.0,842,self-employed,593470.0,72255.0,1
82104.0,742,salaried,154767.0,37199.0,1
52842.0,697,salaried,282220.0,0.0,1
87131.0,513,salaried,377567.0,245834.0,0
92428.0,528,business,718378.0,124652.0,0
101167.0,711,business,283917.0,133654.0,0
114793.0,670,salaried,240117.0,160089.0,0
40740.0,606,self-employed,260853.0,150538.0,0
65389.0,706,salaried,658601.0,49886.0,0
65316.0,710,salaried,50000.0,108167.0,0
62254.0,780,salaried,179507.0,62132.0,1
46821.0,712,salaried,851632.0,122269.0,0
23404.0,804,business,466359.0,114044.0,0
67595.0,701,student,160923.0,52474.0,0
43486.0,690,salaried,352455.0,0.0,1
67408.0,790,self-employed,372142.0,97430.0,0
42767.0,617,business,512303.0,67637.0,0
34210.0,900,unemployed,691110.0,0.0,0
71560.0,732,self-employed,429939.0,128151.0,0
69226.0,732,salaried,262838.0,167054.0,0
81220.0,745,self-employed,501675.0,299910.0,0
126204.0,860,salaried,234315.0,51748.0,1
72764.0,767,unemployed,173999.0,39209.0,0
78582.0,564,salaried,50000.0,0.0,0
34828.0,819,business,78277.0,102735.0,0
28967.0,671,salaried,198640.0,102197.0,0
109319.0,709,salaried,147998.0,16040.0,1
39143.0,591,student,416383.0,70131.0,0
35770.0,745,self-employed,144108.0,0.0,0
63905.0,645,salaried,50000.0,163742.0,0
62475.0,709,student,172096.0,19492.0,0
39730.0,676,business,275065.0,82054.0,0
56461.0,864,salaried,251019.0,0.0,1
99423.0,868,self-employed,633514.0,35500.0,1
42432.0,704,self-employed,249562.0,61235.0,0
25977.0,705,self-employed,518566.0,84040.0,0
91393.0,668,salaried,356583.0,125777.0,1
78784.0,794,salaried,352385.0,207321.0,0
47625.0,672,student,209632.0,147280.0,0
20699.0,664,student,349419.0,166784.0,0
44151.0,783,business,222283.0,207919.0,0
63468.0,654,unemployed,390604.0,133425.0,0
97639.0,697,business,317475.0,81880.0,1
35976.0,566,business,189967.0,170775.0,0
62633.0,760,business,538541.0,176206.0,0
83904.0,865,self-employed,436831.0,140128.0,1
12000.0,761,self-employed,279349.0,0.0,0
93946.0,824,salaried,386189.0,13476.0,1
31891.0,628,self-employed,344912.0,61637.0,0
74296.0,720,salaried,203834.0,151268.0,0
71907.0,620,salaried,372689.0,83186.0,0
95368.0,681,self-employed,248218.0,181634.0,0
80426.0,766,salaried,189912.0,196795.0,0
12000.0,709,salaried,67902.0,186929.0,0
43026.0,580,business,295451.0,187471.0,0
68870.0,588,business,462055.0,0.0,0
59541.0,583,salaried,234961.0,126024.0,0
78373.0,742,salaried,813728.0,33360.0,1
87102.0,875,salaried,519423.0,0.0,1
82037.0,816,business,594779.0,60565.0,1
59000.0,539,business,503144.0,197603.0,0
13303.0,821,salaried,693516.0,124163.0,0
52247.0,780,business,218340.0,256514.0,0
76658.0,569,salaried,50000.0,100065.0,0
34467.0,674,salaried,279697.0,293063.0,0
82676.0,793,unemployed,460479.0,100089.0,0
90435.0,747,salaried,387273.0,86911.0,1
68552.0,589,salaried,409585.0,0.0,0
12000.0,752,salaried,597764.0,179398.0,0
29214.0,518,self-employed,428770.0,42319.0,0
117813.0,681,student,503804.0,30001.0,1
49697.0,797,unemployed,190879.0,193905.0,0
12000.0,702,salaried,162829.0,183449.0,0
99587.0,658,salaried,650541.0,181224.0,0
65374.0,776,business,378162.0,54214.0,1
95938.0,783,salaried,247819.0,80667.0,1
72755.0,811,student,248149.0,79912.0,1
77840.0,774,self-employed,243158.0,151514.0,0
75164.0,792,salaried,232387.0,217053.0,0
84530.0,762,business,129033.0,116292.0,1
128768.0,723,salaried,89924.0,252866.0,1
92188.0,708,salaried,324899.0,161262.0,0
20750.0,680,self-employed,253273.0,65042.0,0
77507.0,597,self-employed,559289.0,155440.0,0
96961.0,619,business,412754.0,230005.0,0
98676.0,676,self-employed,407757.0,254855.0,0
53055.0,721,unemployed,226238.0,185886.0,0
97618.0,822,unemployed,338215.0,87182.0,1
90977.0,696,self-employed,424980.0,66581.0,1
137030.0,785,salaried,488915.0,133966.0,1
44000.0,792,business,343099.0,227288.0,0
50793.0,680,unemployed,554242.0,121870.0,0
56429.0,751,salaried,361438.0,123635.0,0
51274.0,679,self-employed,502712.0,89369.0,0
40079.0,812,salaried,271827.0,57129.0,0
12000.0,754,salaried,50000.0,71219.0,0
52828.0,599,business,408305.0,96511.0,0
75342.0,714,salaried,490558.0,231038.0,0
51190.0,840,business,463563.0,64624.0,0
119191.0,685,business,435994.0,89472.0,1
65375.0,738,business,297254.0,11443.0,1
101149.0,746,salaried,214786.0,145914.0,1
72320.0,612,salaried,459311.0,201168.0,0
88139.0,743,business,436761.0,223082.0,0
72819.0,582,business,259038.0,102286.0,0
103326.0,647,self-employed,559696.0,133820.0,0
66566.0,791,student,201084.0,71948.0,0
78891.0,730,salaried,254966.0,129882.0,0
75257.0,674,student,654557.0,111687.0,0
56928.0,738,salaried,516345.0,89952.0,0
76340.0,695,salaried,295558.0,96709.0,0
127563.0,701,self-employed,411729.0,123413.0,1
57429.0,756,salaried,387863.0,59997.0,0
76745.0,638,salaried,50000.0,64388.0,0
100218.0,703,salaried,196835.0,230126.0,0
96927.0,673,salaried,350848.0,315396.0,0
65328.0,565,business,295810.0,0.0,0
12000.0,622,salaried,404478.0,0.0,0
79468.0,833,self-employed,563307.0,3642.0,1
12000.0,733,business,302124.0,76220.0,0
106158.0,587,salaried,169622.0,161141.0,0
69745.0,569,salaried,418473.0,135257.0,0
92991.0,690,business,301208.0,99623.0,0
39741.0,833,business,331909.0,129960.0,0
21530.0,684,self-employed,307481.0,26173.0,0
72301.0,811,business,763531.0,64250.0,1
64059.0,730,salaried,50000.0,83292.0,0
51237.0,740,salaried,290100.0,0.0,1
67371.0,586,business,359336.0,0.0,1
142488.0,780,salaried,219394.0,0.0,1
88367.0,672,business,521969.0,149949.0,0
94386.0,773,self-employed,506386.0,105855.0,1
88630.0,631,business,351404.0,136940.0,0
106425.0,715,self-employed,311279.0,0.0,1
59678.0,730,salaried,339848.0,0.0,1
12000.0,687,salaried,341138.0,141373.0,0
59720.0,734,salaried,345893.0,0.0,1
87729.0,677,business,326160.0,189093.0,0
37846.0,645,salaried,405441.0,0.0,0
60062.0,836,salaried,495578.0,156684.0,0
45630.0,789,salaried,138553.0,9470.0,1
107057.0,635,salaried,170880.0,174157.0,0
85985.0,748,business,50000.0,357694.0,0
83243.0,637,salaried,515952.0,0.0,1
82405.0,599,unemployed,405058.0,144107.0,0
63957.0,788,salaried,450948.0,0.0,1
70532.0,555,self-employed,102690.0,121275.0,0
31815.0,779,salaried,681291.0,67424.0,0
12000.0,679,salaried,250407.0,96031.0,0
69202.0,682,student,390277.0,7507.0,0
74072.0,735,unemployed,513789.0,151346.0,0
98859.0,749,student,182344.0,0.0,1
108997.0,630,salaried,261662.0,190539.0,0
108960.0,761,salaried,392251.0,50214.0,1
37055.0,710,self-employed,874345.0,0.0,0
55137.0,593,salaried,414202.0,220570.0,0
78449.0,686,business,649145.0,79276.0,0
